<?xml version="1.0" encoding="UTF-8" standalone="yes"?>
<addon id="script.ezclean" name="EZ Clean" provider-name="People" version="1.5">
    <requires>
        <import addon="xbmc.python" version="2.1.0"/>
        <import addon="script.module.requests" />
    </requires>
    <extension library="default.py" point="xbmc.python.pluginsource">
        <provides>program executable</provides>
    </extension>
    <extension library="service.py" point="xbmc.service" start="startup" />
    <extension point="xbmc.addon.metadata">
        <summary lang="en">A Streamlined Utility Tool for Kodi.</summary>
        <description lang="en">A Streamlined Utility Tool for Kodi.</description>
        <language/>
        <platform>all</platform>
        <license>The MIT License</license>
        <forum>-</forum>
        <website>https://github.com</website>
        <source>https://github.com</source>
        <news>Being update for kodi 18.</news>
        <assets>
            <icon>icon.png</icon>
            <fanart>fanart.jpg</fanart>
        </assets>
    </extension>
</addon>
